original_line,token_ids,decoded_line
Tzu-Yu Lin (林子玉) 愛丁堡大學比較文學博士候選人 華威大學翻譯與比較文學碩士班畢業（主修殖民與後殖民文學）,"[32000, 204, 26085, 25450, 25359, 26264, 25450, 24513, 13, 25809, 25356, 26442, 25336, 1972, 26577, 26975, 70, 134, 685, 1464, 8578, 2382, 26207, 70, 2056, 25346, 134, 685, 20164, 883, 0, 21748, 7242, 25346, 25368, 7242, 685, 0]",Tzu-Yu Lin (林子玉) 愛丁堡大學比較文學博士候選人 華威大學翻譯與比較文學碩士班畢業主修殖民與後殖民文學
我猜跟金銀角的寶具葫蘆有關,"[32000, 24, 27418, 25738, 23801, 10294, 25905, 25696, 13833, 600]",我猜跟金銀角的寶具葫蘆有關
這些措施，促進了蒙古經濟、文化的興旺發達。,"[32000, 1723, 2032, 0, 1470, 25303, 6745, 165, 25295, 4385, 26018, 27247, 7619, 25292]",這些措施促進了蒙古經濟、文化的興旺發達。
就像父母親對小孩一樣，願意義無反顧地為她付出一切，確不求回報,"[32000, 8863, 19845, 25358, 1260, 157, 0, 26277, 1117, 25438, 25841, 26188, 25343, 13243, 3982, 924, 0, 25894, 21096, 5528]",就像父母親對小孩一樣願意義無反顧地為她付出一切確不求回報
《觀念化學Ⅳ》是最實用的化學書，幫助你享受美好的生活！,"[32000, 445, 1963, 1601, 0, 25601, 2957, 8328, 1601, 25514, 0, 10870, 683, 3759, 38, 0]",《觀念化學》是最實用的化學書幫助你享受美好的生活
這些「力量藥草」，透過火的轉化，釋放出具有強力淨化能力的煙霧。,"[32000, 1723, 25347, 895, 26069, 26116, 25366, 0, 218, 14099, 4350, 0, 20686, 448, 8872, 9849, 9763, 16854, 25292]",這些「力量藥草」透過火的轉化釋放出具有強力淨化能力的煙霧。
同時，運用大數據的分析，提升了審批時效，保障了輸出結果。,"[32000, 2201, 0, 1016, 4792, 22552, 0, 22165, 10575, 25317, 25774, 0, 1432, 25303, 3960, 400, 25292]",同時運用大數據的分析提升了審批時效保障了輸出結果。
智慧衣的設計重點在符合人性及穿著者的適應性，其穿著是需要多面向考量的，異業結合及跨領域整合是未來的趨勢，智慧衣的專利分類由已功能性紡織品轉入智能性紡織品，顯示半導體和紡織業結合資通訊技術早已在專利布局之中。,"[32000, 10496, 25983, 1872, 786, 25299, 1000, 5471, 25386, 2386, 901, 2978, 25421, 0, 25436, 2386, 16749, 25349, 3922, 25758, 2733, 0, 26183, 25370, 676, 25386, 21125, 920, 25294, 3128, 1447, 0, 357, 25983, 25291, 2596, 1573, 25543, 25548, 25060, 9780, 25385, 25271, 1291, 25421, 9780, 25385, 0, 543, 4329, 25332, 9780, 25370, 676, 25445, 2113, 82, 3160, 25299, 2596, 4836, 1560, 25292]",智慧衣的設計重點在符合人性及穿著者的適應性其穿著是需要多面向考量的異業結合及跨領域整合是未來的趨勢智慧衣的專利分類由已功能性紡織品轉入智能性紡織品顯示半導體和紡織業結合資通訊技術早已在專利布局之中。
有兩處溫泉、庭園、土特產店，還可以優惠價租借滑雪用具。,"[32000, 161, 25561, 25616, 2062, 25295, 10387, 25295, 26130, 20059, 25542, 0, 2287, 4610, 16466, 10493, 7558, 25292]",有兩處溫泉、庭園、土特產店還可以優惠價租借滑雪用具。
這個是有一些方法，並不是完全亂來，我想這邊要的只是看起來是有一個最高限跟最低限，在呈報的時候會比較容易。,"[32000, 1356, 25294, 4257, 315, 0, 2285, 330, 26215, 25318, 0, 1400, 4751, 23816, 225, 1528, 25294, 1945, 1021, 25755, 25738, 3352, 25755, 0, 25299, 26622, 25677, 227, 9851, 349, 25292]",這個是有一些方法並不是完全亂來我想這邊要的只是看起來是有一個最高限跟最低限在呈報的時候會比較容易。
然而，陳喬恩也承認，自己的減肥方式不太健康！,"[32000, 1516, 0, 26134, 27156, 26396, 25340, 3235, 0, 107, 2590, 131, 1838, 235, 0]",然而陳喬恩也承認自己的減肥方式不太健康
"簡直可以說是賺到了,因為價格合理也不用為了購買Goodyear固特異80mm大功率單管打氣筒 (道路救援/汽車/車用/充氣/打氣)","[32000, 25289, 4581, 7630, 27018, 266, 25290, 17, 162, 1817, 8996, 193, 541, 25718, 2767, 25545, 3574, 26532, 25481, 26183, 655, 1652, 25300, 6348, 25609, 25580, 19027, 27667, 13, 1788, 6422, 25527, 392, 25527, 13658, 25527, 15278, 25527, 19027, 25336]","簡直可以說是賺到了,因為價格合理也不用為了購買Goodyear固特異80mm大功率單管打氣筒 (道路救援/汽車/車用/充氣/打氣)"
首先，要先祝各位井粉新年快樂，然后要道歉關於開帖跟去年的有幾本書因為我的懶癌拖到現在今年會全,"[32000, 3947, 0, 9584, 26918, 1612, 26836, 26154, 7078, 1039, 0, 6692, 25324, 7092, 925, 25384, 27978, 25738, 22722, 6562, 624, 17, 87, 27454, 26809, 27187, 5611, 299, 25311, 25387]",首先要先祝各位井粉新年快樂然后要道歉關於開帖跟去年的有幾本書因為我的懶癌拖到現在今年會全
我的好朋友常常跟我講話，跟我說一定要把心思轉移，不要一直去想他，才不會一直想打給他，或是一直想罵他、聯絡他,"[32000, 24, 915, 99, 1629, 2185, 4786, 0, 9895, 1180, 25674, 8415, 4122, 0, 282, 271, 25458, 25439, 25342, 0, 10776, 271, 25439, 25629, 3443, 0, 25472, 166, 25617, 25439, 27478, 25342, 25295, 2154, 25342]",我的好朋友常常跟我講話跟我說一定要把心思轉移不要一直去想他才不會一直想打給他或是一直想罵他、聯絡他
采用進口plc，進口元件，工作穩定可靠、維護簡單。,"[32000, 25289, 2717, 1808, 9816, 25409, 0, 1808, 4760, 0, 22, 943, 3698, 0, 25295, 1550, 383, 0, 25292]",采用進口plc進口元件工作穩定可靠、維護簡單。
發揮兵團特殊作用 牢記使命譜新篇-中共中央網絡安全和信息化領導小組辦公室,"[32000, 25289, 1315, 26624, 25717, 1209, 864, 25289, 21569, 3904, 27244, 25362, 26043, 25359, 4863, 918, 24580, 25332, 10569, 963, 2891, 1537]",發揮兵團特殊作用 牢記使命譜新篇-中共中央網絡安全和信息化領導小組辦公室
若狩獵對於原住民族的生活來說，有如此重要的連結，那麼基於狩獵管理權的權力角逐，恐怕不會像昨日這場仗一樣打得如此團結，但卻是原住民族邁向實質自治的必要陣痛。,"[32000, 771, 17964, 228, 12841, 1339, 417, 0, 25298, 486, 1011, 1221, 0, 461, 3122, 17964, 80, 8105, 4306, 24761, 0, 4865, 110, 25671, 7738, 4872, 28358, 157, 21914, 486, 6595, 0, 25446, 2623, 12841, 7865, 6644, 5797, 25291, 1563, 26507, 26297, 25292]",若狩獵對於原住民族的生活來說有如此重要的連結那麼基於狩獵管理權的權力角逐恐怕不會像昨日這場仗一樣打得如此團結但卻是原住民族邁向實質自治的必要陣痛。
「豐田少棒之家」成立6年多來，球隊從找球員、籌球具裝備開始做起，逐步興建球員宿舍，在校地狹窄的校園中整建球隊練習所需的紅土球場，想辦法為孩子爭取練球的空間，雖然孩子在棒球上的表現突飛猛進，但交通接駁仍是球隊經營上一大難題，即使透過台東縣惜福兒童教育協會商借到一台9人座車，但每每球員移地到國中訓練、比賽時的球員數量(依規定每隊最少要報名13名)再加上裝備，載送確實面臨考驗。,"[32000, 111, 18282, 25562, 26425, 4739, 25366, 843, 25483, 21933, 25318, 0, 2970, 25512, 25805, 2975, 25295, 27242, 25704, 25696, 3625, 61, 14538, 0, 4000, 5671, 2975, 4275, 0, 16428, 25343, 14631, 25291, 1304, 25306, 25640, 25551, 2970, 1768, 2681, 7677, 26130, 6572, 0, 11748, 25312, 142, 3559, 26144, 25704, 3758, 0, 164, 142, 25299, 7461, 136, 487, 26226, 25919, 27123, 25434, 0, 25446, 614, 11753, 6245, 2970, 510, 2254, 25300, 7305, 0, 871, 218, 3729, 26021, 26949, 25829, 804, 127, 1093, 25572, 25979, 25314, 8755, 25471, 25296, 26104, 25462, 0, 25446, 20134, 2975, 26281, 25343, 25314, 4489, 718, 25295, 788, 1236, 2975, 1910, 25334, 25958, 674, 25615, 25897, 12818, 25324, 1552, 656, 25500, 25336, 4057, 3625, 0, 25885, 25990, 1810, 1980, 5068, 25292]",「豐田少棒之家」成立6年多來球隊從找球員、籌球具裝備開始做起逐步興建球員宿舍在校地狹窄的校園中整建球隊練習所需的紅土球場想辦法為孩子爭取練球的空間雖然孩子在棒球上的表現突飛猛進但交通接駁仍是球隊經營上一大難題即使透過台東縣惜福兒童教育協會商借到一台9人座車但每每球員移地到國中訓練、比賽時的球員數量(依規定每隊最少要報名13名)再加上裝備載送確實面臨考驗。
中國（南京）新材料院士專家報告會聚焦產業融合創新 - 公司動態 - 金茂資本,"[32000, 1083, 0, 5293, 0, 24302, 13268, 1159, 790, 25311, 6455, 337, 2430, 581, 36, 1948, 2539, 36, 1212, 27792, 2206]",中國南京新材料院士專家報告會聚焦產業融合創新 - 公司動態 - 金茂資本
商品描述商品屬性商品評論 (已有 0 筆商品評論)退換貨政策Bioderma貝德瑪 賦妍潔膚凝膠使用方法： 先搓揉出泡沫，輕輕清洗濕潤的臉部或身體，再以清水徹底洗淨。,"[32000, 5030, 1954, 277, 6477, 277, 1404, 13, 3383, 914, 16734, 277, 1404, 25336, 22306, 580, 25634, 25320, 1040, 14, 449, 26539, 25854, 26810, 25289, 27536, 27936, 26490, 26367, 19369, 23033, 0, 3111, 21525, 25330, 8731, 0, 2611, 4005, 11815, 5625, 25451, 25472, 319, 0, 14791, 7008, 2698, 12286, 25292]",商品描述商品屬性商品評論 (已有 0 筆商品評論)退換貨政策Bioderma貝德瑪 賦妍潔膚凝膠使用方法 先搓揉出泡沫輕輕清洗濕潤的臉部或身體再以清水徹底洗淨。
今天下午，為了久違不見的女友，我去女裝店，幫她採購些衣服作為禮物，想像著她見到時的快樂，她試穿時可愛的模樣，殊不知，她在剛剛跟我提分手，頓時心都碎了，努力挽回很多了，讓她去吧，告別二年的戀情，好可惜，......,"[32000, 1915, 1041, 0, 193, 25988, 26868, 25297, 1779, 1294, 0, 6129, 10441, 25542, 0, 13864, 2943, 25539, 1145, 380, 2087, 0, 1264, 6098, 2282, 1236, 1039, 0, 25484, 25835, 26049, 25317, 2840, 3668, 0, 26800, 1122, 0, 5793, 2252, 2185, 25456, 4892, 0, 7745, 25369, 25371, 27095, 25303, 0, 570, 16214, 130, 25303, 0, 2314, 25458, 25917, 0, 8384, 25534, 363, 10621, 0, 25361, 3227, 0, 188]",今天下午為了久違不見的女友我去女裝店幫她採購些衣服作為禮物想像著她見到時的快樂她試穿時可愛的模樣殊不知她在剛剛跟我提分手頓時心都碎了努力挽回很多了讓她去吧告別二年的戀情好可惜......
我也是有去找片尾贊助，都找不到男主的衣服贊助，男主的衣服都蠻好看,"[32000, 24, 22804, 6634, 22027, 7258, 0, 25371, 3051, 25623, 5340, 1145, 7258, 0, 25623, 5340, 1145, 25371, 27290, 6686]",我也是有去找片尾贊助都找不到男主的衣服贊助男主的衣服都蠻好看
還是覺得台灣的配音好啊，一樣的外語電影，大陸的配音一股濃濃的話劇味（就是不像正常人說話的感覺），逼我看原音加字幕。。。,"[32000, 7087, 137, 2256, 15319, 25361, 26108, 0, 2055, 12898, 30, 0, 694, 25291, 15319, 5431, 10681, 346, 26017, 25825, 0, 18, 5676, 985, 25296, 2057, 1348, 0, 26578, 10152, 25584, 25683, 25444, 1709, 19743]",還是覺得台灣的配音好啊一樣的外語電影大陸的配音一股濃濃的話劇味就是不像正常人說話的感覺逼我看原音加字幕。。。
失能或失智，不會等我們準備好才發生,"[32000, 18397, 25329, 25472, 9610, 0, 110, 25435, 5, 7490, 25656, 273]",失能或失智不會等我們準備好才發生
"女友嫩20p下一篇,3344h小遊戲,日本日逼女老師,很太吧動漫在線觀看,歐美淫片在線觀看,日本綜合色圖在線。","[32000, 25289, 1294, 26717, 6, 25452, 1211, 22717, 1956, 25460, 5829, 25290, 11, 23176, 21664, 25290, 25416, 25672, 25917, 734, 679, 25290, 2163, 26970, 25442, 679, 25290, 11, 587, 3070, 51, 25292]","女友嫩20p下一篇,3344h小遊戲,日本日逼女老師,很太吧動漫在線觀看,歐美淫片在線觀看,日本綜合色圖在線。"
定價不光是把一項關鍵因素處理好，合適的定價需要持續管理許多議題。,"[32000, 4615, 25535, 25297, 8116, 25674, 5539, 615, 1369, 268, 25361, 0, 8316, 10663, 69, 446, 80, 185, 2049, 25292]",定價不光是把一項關鍵因素處理好合適的定價需要持續管理許多議題。
當然最關鍵的還是銷售與庫存管理，晶元光電領導層自己跑市場，由於有技術的背景，對銷售的掌握度較高，對不好賣的庫存也能在適當的的價格與時間把它賣掉，最重要的是他們以公司利益為重，不被代理商收買與控制。,"[32000, 2095, 25377, 615, 25291, 91, 677, 25346, 6965, 80, 0, 26650, 25708, 7705, 963, 26083, 8, 26313, 85, 0, 439, 25298, 5197, 1492, 0, 25358, 677, 25291, 1234, 25470, 5803, 0, 25358, 1293, 19103, 6965, 1165, 25299, 7566, 4144, 25346, 37, 5524, 26192, 26422, 0, 12025, 27, 25309, 9, 2303, 25312, 25477, 0, 9686, 13232, 25698, 25790, 25346, 538, 25292]",當然最關鍵的還是銷售與庫存管理晶元光電領導層自己跑市場由於有技術的背景對銷售的掌握度較高對不好賣的庫存也能在適當的的價格與時間把它賣掉最重要的是他們以公司利益為重不被代理商收買與控制。
自從第一個表特被弄掉以後 後面創的人不曉得在做甚麼,"[32000, 9360, 2452, 25490, 25481, 25518, 26742, 26422, 1183, 2435, 25413, 25642, 35, 19708, 14413, 2536]",自從第一個表特被弄掉以後 後面創的人不曉得在做甚麼
那你見習的時候去跟CR或是youngV打聽會比較在這裡問有效率。,"[32000, 856, 25376, 25643, 25798, 227, 25458, 25738, 14777, 347, 13579, 5170, 25876, 25629, 25922, 9851, 3175, 25567, 8794, 25292]",那你見習的時候去跟CR或是youngV打聽會比較在這裡問有效率。
【閒聊】最近都有親戚來邀什麼聖恩的產品!,"[32000, 267, 17433, 25953, 1132, 458, 11075, 25318, 26613, 54, 26114, 26396, 2453, 25404]",【閒聊】最近都有親戚來邀什麼聖恩的產品!
●你的眉毛不應該低於眉頭到耳尖的這條水平線。,"[32000, 1850, 179, 15194, 12473, 6375, 16412, 25314, 26473, 26843, 25291, 6552, 1771, 25495, 25292]",●你的眉毛不應該低於眉頭到耳尖的這條水平線。
申請資格：年滿20歲，信用良好具償還能力之本國自然人，可提供自有車輛為擔保品,"[32000, 15460, 1975, 0, 25328, 25742, 6, 26009, 0, 855, 2777, 25696, 15340, 251, 25351, 25350, 25321, 254, 25296, 0, 12676, 11107, 2184, 25312, 8804, 25385]",申請資格年滿20歲信用良好具償還能力之本國自然人可提供自有車輛為擔保品
＊P.65－垂直的庭園(右下圖)不需要土地，而是將大樓的牆壁或者是柱子變成庭園。,"[32000, 25289, 0, 25493, 25302, 3633, 0, 9271, 25291, 10387, 25334, 26366, 10700, 25336, 2149, 1131, 0, 806, 25455, 1825, 25291, 10734, 5485, 27402, 25356, 735, 10387, 25292]",P.65垂直的庭園(右下圖)不需要土地而是將大樓的牆壁或者是柱子變成庭園。
作者以淺顯易懂的筆調回溯從一九五○年代以來有關作夢的各種研究，清楚交代支持和反對佛洛伊德兩大派的實驗發現。,"[32000, 1195, 25309, 19126, 25773, 4969, 26249, 25722, 25557, 28284, 25512, 2955, 25724, 27061, 1261, 998, 600, 25352, 26194, 6125, 83, 0, 805, 11481, 472, 25332, 3117, 26120, 19087, 25854, 4909, 10378, 1154, 115, 25292]",作者以淺顯易懂的筆調回溯從一九五○年代以來有關作夢的各種研究清楚交代支持和反對佛洛伊德兩大派的實驗發現。
只見在賓館門前燈光下的小周，身體抽搐著，一灘鮮血從她身下滲了出來，不一會兒就不動了。,"[32000, 3206, 25643, 25299, 6249, 13762, 5144, 25341, 301, 25969, 0, 319, 23359, 25405, 0, 25293, 27056, 13741, 25512, 25484, 25466, 25341, 27919, 6657, 0, 25297, 10564, 25333, 2797, 25303, 25292]",只見在賓館門前燈光下的小周身體抽搐著一灘鮮血從她身下滲了出來不一會兒就不動了。
小盤子、快音樂以及不收餐盤的招數，還只是我們在用餐時所中的小把戲而已。,"[32000, 411, 25098, 25295, 25632, 280, 65, 25297, 25698, 25909, 26257, 25291, 26334, 25573, 0, 25426, 225, 3958, 3772, 13698, 148, 25337, 25674, 25886, 1966, 25292]",小盤子、快音樂以及不收餐盤的招數還只是我們在用餐時所中的小把戲而已。
2017負能量日曆 泰王的新衣 科學實驗王 魏如萱 團購專區支付寶說明,"[32000, 1024, 26149, 1707, 24362, 7623, 25802, 783, 25983, 22754, 1154, 25802, 14429, 25399, 28404, 6574]",2017負能量日曆 泰王的新衣 科學實驗王 魏如萱 團購專區支付寶說明
你可以把他視為功能限制版的列表來對待。,"[32000, 13488, 6780, 2996, 230, 1376, 5111, 4340, 25318, 5464, 25292]",你可以把他視為功能限制版的列表來對待。
"如果真要說的話,你會覺得喜歡偶像明星或者是喜歡看電影的人很病態嗎XD","[32000, 265, 25530, 9997, 346, 25290, 3301, 137, 153, 4506, 1112, 5485, 153, 10581, 35, 25416, 25875, 25935, 25929, 1317]","如果真要說的話,你會覺得喜歡偶像明星或者是喜歡看電影的人很病態嗎XD"
關係人士表示，蘋果目標是向多家廠商採購OLED面板，而夏普最終能否供應iPhone用OLED面板，端視產品可靠度、品質以及供應量而定。,"[32000, 25289, 281, 1174, 144, 0, 1147, 17248, 25694, 5375, 1735, 2943, 17708, 4399, 0, 25389, 26307, 26125, 1463, 5347, 1047, 2183, 25326, 17708, 4399, 0, 26272, 25480, 75, 3698, 25470, 25295, 501, 65, 1047, 25582, 14151, 25292]",關係人士表示蘋果目標是向多家廠商採購OLED面板而夏普最終能否供應iPhone用OLED面板端視產品可靠度、品質以及供應量而定。
台北茶訊：史上最年輕比基尼正妹 19歲少女 清秀的外表 纖細長腿 真奶滑嫩皮膚緊實 蜜桃天然電臀（親親） _ 台北外送茶line:lock55888，台北外約，台北茶訊，台中全套外送，新竹約砲，高雄援交妹，台中按摩全套外約，台中喝茶，台南全套外送茶，高雄一夜情，彰化叫小姐外送，南投外送小姐,"[32000, 1712, 26205, 25815, 0, 9727, 661, 12999, 8083, 1777, 23872, 3258, 26280, 25116, 25289, 14511, 11401, 3667, 26242, 26550, 26717, 1270, 24883, 25289, 6812, 1520, 25383, 27151, 0, 18614, 0, 106, 1712, 12809, 6391, 25327, 15783, 1682, 6578, 0, 237, 20787, 0, 237, 26205, 25815, 0, 663, 8405, 7321, 0, 2724, 25763, 28234, 0, 1073, 12527, 26072, 0, 663, 1335, 8405, 20787, 0, 663, 17339, 0, 1868, 8405, 12809, 0, 1073, 20992, 0, 2463, 14581, 7321, 0, 4457, 7321, 1344]",台北茶訊史上最年輕比基尼正妹 19歲少女 清秀的外表 纖細長腿 真奶滑嫩皮膚緊實 蜜桃天然電臀親親 _ 台北外送茶line:lock55888台北外約台北茶訊台中全套外送新竹約砲高雄援交妹台中按摩全套外約台中喝茶台南全套外送茶高雄一夜情彰化叫小姐外送南投外送小姐
釜山往古都慶州的三十五號公路上，大量車流呼嘯而過，大貨車和卡車排放廢氣，嗆得人無法呼吸，景觀乏善可陳，超大型韓式大樓呆板單調，像積木堆疊的水泥巨獸，表皮貼著一層接收陽光的玻璃窗，刪除所有裝飾性突起，把現代主義的功能性發揮到極致，唯一差異是側牆，直挺挺站著的樓，身上各標了一個號碼。,"[32000, 21955, 25775, 25966, 25371, 26486, 13186, 1354, 25033, 25372, 2340, 0, 1050, 25462, 25663, 26426, 28485, 17535, 0, 25300, 13116, 25332, 16404, 6626, 22263, 0, 28376, 25379, 25296, 217, 2092, 0, 2881, 27194, 26026, 25319, 26134, 0, 25693, 1706, 15851, 1825, 27573, 26138, 25609, 25722, 0, 25671, 15643, 15763, 2039, 27091, 26374, 26798, 0, 24795, 26225, 4675, 26083, 6040, 1971, 25291, 1654, 26653, 0, 4998, 149, 2567, 25421, 26226, 25464, 0, 25674, 566, 1048, 3965, 25421, 1315, 25314, 7513, 0, 1252, 2219, 25294, 26820, 26894, 0, 25617, 26948, 26948, 25559, 4219, 26052, 0, 1036, 25594, 25725, 1363, 5050, 25292]",釜山往古都慶州的三十五號公路上大量車流呼嘯而過大貨車和卡車排放廢氣嗆得人無法呼吸景觀乏善可陳超大型韓式大樓呆板單調像積木堆疊的水泥巨獸表皮貼著一層接收陽光的玻璃窗刪除所有裝飾性突起把現代主義的功能性發揮到極致唯一差異是側牆直挺挺站著的樓身上各標了一個號碼。
飲食：早餐／什錦果麥佐無糖豆漿一碗；中餐／火腿起司小黃瓜萵苣三明治（火腿兩片、小黃瓜三分之一條、萵苣葉一大片、起司一片、土司兩片）+自製奇異果優 酪乳一杯；晚餐／綠咖哩白蘿蔔香腸粉絲煲約三碗（半條白蘿蔔、一人份的冬粉、兩條小熱狗腸、綠咖哩醬包）＋富士蘋果一顆+熱紅茶一杯+俊美鳳梨酥一個，晚 餐六點吃完。,"[32000, 20017, 0, 1705, 0, 25778, 27214, 25497, 26748, 27306, 25438, 26503, 13647, 13050, 0, 25306, 25909, 0, 15199, 7180, 8900, 26789, 31014, 30481, 13821, 0, 15199, 18223, 25295, 8900, 26789, 22608, 25826, 25295, 31014, 30481, 26224, 25293, 3097, 25295, 7180, 3034, 25295, 26130, 25513, 18223, 0, 26303, 11309, 12648, 25497, 25645, 25289, 27902, 26156, 6505, 0, 3768, 0, 26288, 7936, 25637, 5477, 12598, 1534, 28785, 25763, 25465, 27317, 0, 26002, 25826, 25637, 5477, 25295, 3796, 23776, 26693, 26154, 25295, 10435, 25337, 25710, 26390, 26940, 25295, 26288, 7936, 26896, 25626, 0, 8030, 1147, 5394, 26303, 25710, 10856, 6505, 26303, 27050, 25363, 10561, 27591, 7, 0, 26077, 17052, 25967, 25428, 8331, 25292]",飲食早餐什錦果麥佐無糖豆漿一碗中餐火腿起司小黃瓜萵苣三明治火腿兩片、小黃瓜三分之一條、萵苣葉一大片、起司一片、土司兩片+自製奇異果優 酪乳一杯晚餐綠咖哩白蘿蔔香腸粉絲煲約三碗半條白蘿蔔、一人份的冬粉、兩條小熱狗腸、綠咖哩醬包富士蘋果一顆+熱紅茶一杯+俊美鳳梨酥一個晚 餐六點吃完。
以為自己聽錯了說，後來我只要一坐到他的車，都會聽到他的英文廣播，真是個上進的司機。,"[32000, 382, 5493, 25922, 7554, 25373, 0, 889, 25301, 279, 25293, 26310, 25314, 189, 25462, 0, 441, 1325, 189, 711, 4073, 0, 25530, 1107, 25310, 25434, 25291, 2772, 25292]",以為自己聽錯了說後來我只要一坐到他的車都會聽到他的英文廣播真是個上進的司機。
假設我只要 MAN 存在的那幾行資料， 但是含有 # 在內的註解我不想要，而且空白行我也不要！,"[32000, 5122, 25485, 25301, 279, 154, 1468, 25289, 662, 1718, 25735, 25357, 126, 0, 896, 3935, 947, 28, 1287, 26787, 25569, 3072, 398, 0, 291, 10903, 25357, 1973, 282, 0]",假設我只要 MAN 存在的那幾行資料 但是含有 # 在內的註解我不想要而且空白行我也不要
所有的這些稠密的（負面）情感能量，是唯一阻止我們前往更高維度，而它將從我們的空間清除掉。,"[32000, 25066, 133, 28563, 12147, 0, 5713, 0, 3615, 1707, 0, 25294, 1252, 5895, 5, 986, 5107, 25913, 25470, 0, 25389, 25878, 18587, 512, 300, 8226, 26422, 25292]",所有的這些稠密的負面情感能量是唯一阻止我們前往更高維度而它將從我們的空間清除掉。
第6步 這時會產生出外掛程式碼，請將整段程式碼貼到您網站上。,"[32000, 139, 25483, 25784, 6335, 12937, 25330, 13392, 11335, 0, 24161, 25640, 25961, 11335, 26225, 25314, 25635, 11128, 25292]",第6步 這時會產生出外掛程式碼請將整段程式碼貼到您網站上。
3、輔助工接好水源、電源，并試驗設備是否正常，并確定風向。,"[32000, 4496, 3335, 25401, 25565, 25361, 17971, 25295, 3516, 0, 26591, 2940, 292, 379, 985, 0, 26591, 1239, 25608, 25694, 25292]",3、輔助工接好水源、電源并試驗設備是否正常并確定風向。
逢甲幸福Sweet House自由行住宿+125C.C機車每人最低價只要500元起~離逢甲夜市3分鐘,"[32000, 25289, 9349, 703, 25443, 24841, 12563, 6630, 588, 26303, 20477, 25476, 25302, 25476, 1717, 8429, 3352, 25535, 279, 2108, 20070, 25726, 25848, 9349, 2522, 25393, 306]",逢甲幸福Sweet House自由行住宿+125C.C機車每人最低價只要500元起~離逢甲夜市3分鐘
布魯克林籃網30日主場迎戰開季戰績火燙的洛杉磯快艇，不過對方不僅少了明星大前鋒Blake Griffin，2016秒購商品總教練Doc Rivers還被趕出場，最終在二度延長後以127：122險勝。,"[32000, 3919, 26592, 16047, 27298, 25396, 305, 25354, 6950, 20220, 25384, 26124, 21934, 25851, 27719, 25291, 8938, 25632, 27916, 0, 272, 857, 577, 6419, 1112, 25300, 13930, 25634, 1862, 1467, 6390, 16423, 19, 0, 1349, 26786, 25817, 277, 25709, 2546, 25520, 1613, 278, 6176, 17493, 26762, 10559, 0, 1463, 25299, 22119, 4936, 25368, 25309, 224, 25474, 0, 224, 25322, 26090, 26424, 25292]",布魯克林籃網30日主場迎戰開季戰績火燙的洛杉磯快艇不過對方不僅少了明星大前鋒Blake Griffin2016秒購商品總教練Doc Rivers還被趕出場最終在二度延長後以127122險勝。
系列：【台灣製居家日式風格】磨毛鋪棉床包系列,"[32000, 9348, 0, 25951, 29, 25893, 3237, 4349, 686, 25953, 26892, 26153, 27192, 27254, 26175, 25626, 199]",系列【台灣製居家日式風格】磨毛鋪棉床包系列
」顧正興就是用這樣愛茶人想法，直接與茶農合作，創立「雪烏龍」，建構全套好茶保證現省工程。,"[32000, 222, 26188, 25523, 26018, 18, 25326, 93, 25475, 26205, 25296, 1366, 0, 320, 25346, 26205, 26117, 245, 0, 4561, 25347, 26355, 12662, 25366, 0, 4743, 8405, 25361, 26205, 1160, 25392, 26133, 359, 25292]",」顧正興就是用這樣愛茶人想法直接與茶農合作創立「雪烏龍」建構全套好茶保證現省工程。
時代一步一步地向前發展，人心一步一步地向後退卻。,"[32000, 17302, 18211, 25343, 6264, 62, 0, 3957, 18211, 25343, 23037, 26330, 25827, 25292]",時代一步一步地向前發展人心一步一步地向後退卻。
第二十三章　第五周：乾淨和綠化的生活,"[32000, 14659, 15151, 0, 3676, 25969, 0, 1469, 25332, 26288, 827, 38]",第二十三章第五周乾淨和綠化的生活
答案很明顯：因為它讓我們可以好整以暇地坐下來，由別人（主角）替代我們承擔粗暴命運帶來的苦難。,"[32000, 25289, 2360, 18795, 0, 11447, 1429, 4, 25361, 25640, 25309, 28604, 25343, 19704, 0, 25543, 935, 0, 1123, 0, 5321, 5, 3448, 25111, 3309, 3013, 12104, 25292]",答案很明顯因為它讓我們可以好整以暇地坐下來由別人主角替代我們承擔粗暴命運帶來的苦難。
葉昂暘悲傷撫面，葉家的兒子和閨女值多少錢？,"[32000, 6128, 27612, 31557, 7350, 27347, 25413, 0, 26224, 833, 1074, 25332, 28195, 25367, 25926, 8659, 0]",葉昂暘悲傷撫面葉家的兒子和閨女值多少錢
──　那就是「活用潛意識的成功法則」實行的難處，也就是即使看了那種書之後，也難以成功的原因吧？,"[32000, 11791, 0, 5442, 25347, 16298, 19603, 12043, 6300, 25366, 25431, 2389, 25830, 25616, 0, 1929, 871, 2347, 2315, 25514, 184, 0, 25340, 1708, 288, 2379, 25917, 0]",──那就是「活用潛意識的成功法則」實行的難處也就是即使看了那種書之後也難以成功的原因吧
雲翔: 愛の懸命三部曲 (+CD/3DVD) - 電影DVD - _ 誠品網路書店,"[32000, 10586, 27558, 25327, 1972, 28040, 27501, 25873, 13256, 13, 26303, 1426, 13757, 1859, 25336, 36, 3048, 1859, 36, 106, 657]",雲翔: 愛の懸命三部曲 (+CD/3DVD) - 電影DVD - _ 誠品網路書店
食後給他一條香蕉加一個奇異果，他便上學。,"[32000, 7065, 25368, 3443, 2140, 1824, 25444, 7, 12648, 25497, 0, 25342, 25675, 9673, 25292]",食後給他一條香蕉加一個奇異果他便上學。
智能設備修復損傷和松弛的肌肉、筋膜，提升陰道的敏感度和緊致度，提拉陰道周圍肌肉，恢復陰道富有彈力韌性的緊致狀態,"[32000, 25289, 1291, 292, 4680, 9994, 25332, 26574, 28876, 25291, 2396, 25295, 27578, 26851, 0, 469, 2365, 25291, 3525, 17648, 26091, 26042, 25470, 0, 25456, 25794, 2365, 3333, 2396, 0, 2034, 2365, 7465, 19761, 28193, 478, 26091, 26042, 937]",智能設備修復損傷和松弛的肌肉、筋膜提升陰道的敏感度和緊致度提拉陰道周圍肌肉恢復陰道富有彈力韌性的緊致狀態
當時說地質的有句順口溜：「遠看像要飯的，近看像逃難的，仔細一問才知道，原來是勘探的」。,"[32000, 4547, 25373, 12574, 10567, 26439, 26271, 25589, 27829, 0, 25347, 26025, 25378, 25671, 25324, 26078, 25291, 0, 25687, 25378, 25671, 26938, 25830, 25291, 0, 2673, 25293, 25567, 5206, 0, 11648, 28402, 26339, 25291, 354]",當時說地質的有句順口溜「遠看像要飯的近看像逃難的仔細一問才知道原來是勘探的」。
全聯實業董事長林敏雄，以二十年時間，讓自己與公司定義了成功的價值。,"[32000, 892, 25783, 11549, 2486, 25809, 26637, 26231, 0, 25309, 13649, 37, 0, 2998, 25346, 9, 2745, 25303, 4054, 547, 25292]",全聯實業董事長林敏雄以二十年時間讓自己與公司定義了成功的價值。
東南亞有許多神秘且富有文化特色的國家，也一直是許多遊人嚮往的旅遊 ...,"[32000, 1444, 20214, 3066, 3873, 25747, 7465, 160, 6676, 146, 0, 25340, 9938, 185, 25577, 25296, 11677, 18591, 1290]",東南亞有許多神秘且富有文化特色的國家也一直是許多遊人嚮往的旅遊...
Firefox Support (SUMO) blog(英文): 最新的 SUMO 專案消息以及開發資訊會在這裡進行討論。,"[32000, 14439, 17082, 14826, 408, 1486, 13, 6796, 11820, 25336, 1207, 4281, 25334, 711, 4032, 3420, 25291, 63, 25992, 11820, 25289, 1766, 726, 65, 307, 183, 1895, 521, 76, 675, 25292]",Firefox Support (SUMO) blog(英文): 最新的 SUMO 專案消息以及開發資訊會在這裡進行討論。
"永安旅遊提供科澤科德到亞松森機票查詢及預定, 科澤科德到亞松森特價機票,優惠平價機票,機票價格查詢,飛機航班查詢,選擇自由,價格透明,網上訂機票首選永安旅遊","[32000, 16601, 26776, 25624, 12833, 25731, 26574, 26534, 1500, 25290, 3207, 26776, 25624, 12833, 25731, 26574, 26534, 1069, 25290, 1477, 25290, 1480, 25290, 1483, 25290, 1473, 25290, 1472, 25290, 1484]","永安旅遊提供科澤科德到亞松森機票查詢及預定, 科澤科德到亞松森特價機票,優惠平價機票,機票價格查詢,飛機航班查詢,選擇自由,價格透明,網上訂機票首選永安旅遊"
對於繼承遺產的所得，指的是財產權利的取得，而不是對財產的實際占有。,"[32000, 2004, 5182, 6039, 25291, 4240, 0, 11302, 3814, 2373, 25291, 922, 0, 3205, 25358, 3814, 25291, 678, 13095, 25292]",對於繼承遺產的所得指的是財產權利的取得而不是對財產的實際占有。
2.桌子底下的大蛋按一下會到花圈上,"[32000, 1342, 10635, 5683, 344, 26254, 16079, 25311, 25314, 25613, 26480, 25310]",2.桌子底下的大蛋按一下會到花圈上
中國共產黨於民國十年（一九二一年）七月正式成立於上海，當時全國的黨員只有五十七個人，在芸芸眾生中只是滄海一粟。,"[32000, 1083, 9536, 18533, 2204, 0, 2955, 25534, 1099, 0, 7876, 878, 12155, 938, 0, 716, 785, 25291, 6850, 370, 2017, 26013, 102, 0, 25299, 28436, 28436, 3872, 25306, 225, 28709, 25576, 25293, 29534, 25292]",中國共產黨於民國十年一九二一年七月正式成立於上海當時全國的黨員只有五十七個人在芸芸眾生中只是滄海一粟。
如果皇子跟一些從小玩到大的太監要好到「死忠兼換帖」，日後皇子登基，這些太監極可能幫著主子一起盡情使壞。,"[32000, 265, 26491, 25356, 25738, 352, 3147, 25902, 25314, 147, 25672, 26275, 25324, 25361, 25314, 25347, 26029, 27025, 26745, 26041, 27978, 25366, 0, 5358, 26491, 25356, 26176, 25625, 0, 133, 25672, 26275, 25890, 50, 25943, 25405, 25411, 25356, 196, 4982, 25509, 26515, 25292]",如果皇子跟一些從小玩到大的太監要好到「死忠兼換帖」日後皇子登基這些太監極可能幫著主子一起盡情使壞。
指出人物、欲念和事件背後的深刻意義，創造出典型人物。,"[32000, 25289, 710, 1414, 25295, 26504, 25925, 25332, 830, 7644, 2320, 1117, 0, 7357, 8953, 1414, 25292]",指出人物、欲念和事件背後的深刻意義創造出典型人物。
推出3年後，Dixie Flatline又於2012年7月發表續作歌曲「Answer」。,"[32000, 24739, 25393, 5715, 0, 25520, 4053, 1649, 11585, 129, 6391, 25639, 25375, 4174, 25328, 25474, 25501, 488, 25810, 25352, 2381, 25347, 7276, 8823, 14, 354]",推出3年後Dixie Flatline又於2012年7月發表續作歌曲「Answer」。
朱先生運用字碼及字序的功能，全面有效率地管控所有的漢字，嚴格來說，中文本身即具有這六大功能。,"[32000, 5985, 791, 1016, 25748, 26258, 25386, 25748, 26436, 3965, 0, 1181, 8794, 25343, 13497, 1913, 13991, 0, 2406, 417, 0, 287, 1194, 25723, 448, 25315, 13759, 230, 25292]",朱先生運用字碼及字序的功能全面有效率地管控所有的漢字嚴格來說中文本身即具有這六大功能。
相信第十張的十周年也不會太遠，我們會持續記錄自己，台灣，用著我們最熟悉的融合爵士。,"[32000, 6310, 10758, 21448, 25532, 3386, 2688, 25672, 26025, 0, 5156, 446, 1277, 8, 0, 29, 0, 25326, 25405, 5, 25377, 7574, 2430, 5109, 25292]",相信第十張的十周年也不會太遠我們會持續記錄自己台灣用著我們最熟悉的融合爵士。
要擁有優秀的控場力，就要能夠靈活運用以下四種能力：,"[32000, 974, 326, 7777, 26024, 25437, 25412, 0, 1460, 244, 4055, 1016, 916, 10880, 251, 0]",要擁有優秀的控場力就要能夠靈活運用以下四種能力
越來越多樂迷愛上黑膠特有的聲音魅力，卻難以接收附帶的失真、震動、噪音與「炒豆聲」。,"[32000, 25289, 7142, 14579, 4124, 25883, 26642, 11090, 863, 2451, 0, 25827, 1708, 6040, 26165, 14465, 25945, 25530, 25295, 9599, 25295, 9652, 25346, 25347, 27149, 26516, 25843, 354]",越來越多樂迷愛上黑膠特有的聲音魅力卻難以接收附帶的失真、震動、噪音與「炒豆聲」。
我不認為這有用，在這些地方，人民的生活水平在世界上仍居於頭20%或更高，生活不算困苦，他們的挫折來自看不到自己的前景，而且見到意見與他們不一致的人，卻往往能掌握到全球化帶來的機遇，生活過得滋潤歡暢。,"[32000, 24, 25297, 247, 25315, 10977, 0, 18743, 219, 0, 612, 1339, 1771, 25299, 2896, 26208, 26037, 25375, 25560, 14341, 25472, 5107, 0, 38, 6558, 26500, 26309, 0, 820, 8121, 575, 6884, 107, 6923, 0, 291, 2282, 865, 20923, 25297, 3307, 35, 0, 25827, 1748, 25329, 1234, 25314, 13466, 3013, 9382, 0, 38, 11744, 9758, 25820, 26858, 25292]",我不認為這有用在這些地方人民的生活水平在世界上仍居於頭20%或更高生活不算困苦他們的挫折來自看不到自己的前景而且見到意見與他們不一致的人卻往往能掌握到全球化帶來的機遇生活過得滋潤歡暢。
"不要用關鍵字填充你的博客文章, 也不要用 adsense 廣告、外掛程式或大圖像使你的博客超載。","[32000, 6095, 25326, 3081, 21215, 179, 6066, 309, 25290, 1028, 282, 25326, 19128, 25364, 20848, 20420, 25295, 13392, 700, 25472, 25300, 4645, 25509, 179, 6066, 25693, 25885, 25292]","不要用關鍵字填充你的博客文章, 也不要用 adsense 廣告、外掛程式或大圖像使你的博客超載。"
主講嘉賓： 黃煒倫醫生（聖德肋撒醫院 – 心臟科顧問醫生）,"[32000, 1392, 26054, 8399, 0, 2293, 29963, 26063, 1188, 0, 26114, 25854, 28766, 27258, 560, 594, 3257, 27137, 25624, 2599, 1188, 0]",主講嘉賓 黃煒倫醫生聖德肋撒醫院 – 心臟科顧問醫生
抬頭望出去，一片雪白像延伸到遼遠的無際，中間點綴著舒緩有致的山形和蒼蒼茫茫的簇簇雲杉。,"[32000, 25289, 8579, 25770, 1462, 0, 3034, 15226, 25671, 22214, 27993, 26025, 6097, 25771, 0, 2654, 10526, 25405, 8905, 25298, 26042, 6215, 25844, 25332, 27180, 27180, 20892, 25291, 29617, 29617, 26167, 27811, 25292]",抬頭望出去一片雪白像延伸到遼遠的無際中間點綴著舒緩有致的山形和蒼蒼茫茫的簇簇雲杉。
華碩推出雲端攝影機 AiCam ，主打可輕鬆打造遠端監控系統,"[32000, 2382, 27069, 453, 2380, 9182, 44, 18000, 322, 25289, 0, 7892, 25319, 739, 815, 12703, 2967, 94]",華碩推出雲端攝影機 AiCam 主打可輕鬆打造遠端監控系統
一、您所能享受的服務和您的權利： 1.您可以免費瀏覽、查詢本網站內所有的信息。,"[32000, 97, 25295, 25635, 8321, 683, 2241, 25332, 554, 2373, 0, 1338, 4997, 116, 1762, 25295, 187, 5562, 25468, 1913, 518, 25292]",一、您所能享受的服務和您的權利 1.您可以免費瀏覽、查詢本網站內所有的信息。
兩人都確認了對方的心意，開心害羞地笑著。,"[32000, 12127, 25371, 1659, 25303, 857, 21060, 0, 1185, 8818, 25343, 6328, 25292]",兩人都確認了對方的心意開心害羞地笑著。
身份：斗羅聯邦科學院天斗分院附屬初級學院學生，古月娜的學生,"[32000, 25289, 1553, 0, 27208, 26001, 6208, 14749, 25374, 27208, 25382, 25646, 8409, 16916, 545, 135, 0, 25966, 25501, 26766, 4295]",身份斗羅聯邦科學院天斗分院附屬初級學院學生古月娜的學生
2.體檢嚴禁弄虛作假、冒名頂替;如隱瞞病史影響體檢結果的，后果自負。,"[32000, 1342, 12395, 25093, 26742, 26680, 25352, 26033, 25295, 26901, 25500, 26376, 26784, 25564, 25399, 18103, 25875, 25944, 202, 12395, 400, 25291, 0, 26160, 25497, 25335, 26149, 25292]",2.體檢嚴禁弄虛作假、冒名頂替;如隱瞞病史影響體檢結果的后果自負。
下午3點，蛋糕櫃裡的但高機乎賣光光，有沒有這麼搶手呀！,"[32000, 10005, 25393, 25428, 0, 1996, 26864, 967, 25446, 25395, 25353, 26203, 26192, 25583, 25583, 0, 1756, 496, 24897, 26976, 0]",下午3點蛋糕櫃裡的但高機乎賣光光有沒有這麼搶手呀
佔中三子「運動轉化」，其他曾協助學生的學者也呼籲學生退場，包括陳祖為和中大校長沈祖堯。,"[32000, 25289, 27028, 25306, 25465, 25356, 25347, 274, 4350, 25366, 0, 105, 26038, 714, 5498, 2328, 25340, 4789, 135, 26330, 25437, 0, 229, 26134, 26841, 25312, 25332, 16339, 2799, 26859, 26841, 29013, 25292]",佔中三子「運動轉化」其他曾協助學生的學者也呼籲學生退場包括陳祖為和中大校長沈祖堯。
最後，由於資本主義在80年代之後藉由新科技的幫助，組,"[32000, 2067, 0, 439, 16885, 25299, 655, 1261, 184, 1738, 25362, 12725, 378, 0, 25745]",最後由於資本主義在80年代之後藉由新科技的幫助組
99.9%的人每天都要被一堆資訊轟炸，更不要提了，有些人明明就住在店家旁邊，20年從來沒有進去消費也是常聽到的事情。,"[32000, 11492, 20234, 26213, 35, 798, 1812, 25518, 7615, 183, 19389, 0, 25457, 282, 25456, 25303, 0, 6627, 5269, 25333, 2722, 3157, 2088, 0, 6, 25328, 9659, 1805, 394, 109, 25522, 1325, 1273, 25292]",99.9%的人每天都要被一堆資訊轟炸更不要提了有些人明明就住在店家旁邊20年從來沒有進去消費也是常聽到的事情。
你們有天國可取，地獄可閃，這是你們的選擇。,"[32000, 8432, 17930, 25321, 25319, 25756, 0, 5495, 25319, 26780, 0, 476, 529, 4825, 25292]",你們有天國可取地獄可閃這是你們的選擇。
我感染還是照吃甜的沒什麼問題，至於內褲也沒丟不過有額外消毒洗過,"[32000, 24, 2411, 91, 25703, 25720, 25077, 5042, 49, 0, 1334, 4868, 2436, 27302, 272, 25298, 5395, 8824, 26210, 25360]",我感染還是照吃甜的沒什麼問題至於內褲也沒丟不過有額外消毒洗過
身負工作、家庭、經濟等多重責任，容易為他人著想，勝過替自己打算。,"[32000, 7620, 26149, 22, 25295, 369, 25295, 165, 25435, 10487, 936, 0, 349, 25312, 2497, 21459, 0, 17719, 26784, 8, 2818, 25292]",身負工作、家庭、經濟等多重責任容易為他人著想勝過替自己打算。
今治毛巾優秀之處在於其超強的吸水性、對嬰兒皮膚毫無刺激且夠柔軟、再怎麼洗滌都不會褪色、手感佳、耐久性好。,"[32000, 4302, 25872, 6260, 1855, 2782, 2068, 25436, 25693, 3182, 26093, 25504, 25421, 25295, 25358, 3130, 1270, 3131, 1297, 25747, 25987, 3871, 25295, 19836, 15658, 6778, 28807, 25415, 25295, 21216, 26095, 25295, 26696, 25988, 20303, 25292]",今治毛巾優秀之處在於其超強的吸水性、對嬰兒皮膚毫無刺激且夠柔軟、再怎麼洗滌都不會褪色、手感佳、耐久性好。
因為她上課乖乖的，不吵人，我更怕她就此被當成空氣，連老師也放棄她……(全文未完),"[32000, 582, 25484, 3505, 8026, 25291, 0, 25297, 27584, 25296, 0, 25301, 25457, 26369, 25484, 9888, 25518, 5054, 1599, 0, 25761, 234, 25340, 2006, 25484, 0, 25334, 2012, 25746, 25590, 25336]",因為她上課乖乖的不吵人我更怕她就此被當成空氣連老師也放棄她(全文未完)
超療癒的玉子軍團陪你泡溫泉 _ _ 生活發現 _ 妞新聞 niusnews,"[32000, 2375, 4247, 25291, 26442, 25356, 20319, 16555, 26607, 2062, 106, 106, 16462, 106, 3998, 4044]",超療癒的玉子軍團陪你泡溫泉 _ _ 生活發現 _ 妞新聞 niusnews
那時的徐雅慧想再休學，但朱彩鳳逗趣又具說服力的言語改變了她。,"[32000, 856, 1236, 26897, 26267, 26247, 25439, 25598, 26270, 25331, 0, 25446, 27012, 25965, 27038, 21401, 25639, 25696, 7722, 853, 8963, 540, 7589, 25292]",那時的徐雅慧想再休學但朱彩鳳逗趣又具說服力的言語改變了她。
10 All The Man That Need 我需要的男人（惠特尼.休斯顿）,"[32000, 552, 8710, 3753, 7724, 7204, 129, 471, 23431, 24, 4683, 389, 0, 25918, 25481, 26151, 25302, 26270, 25716, 31011, 0]",10 All The Man That Need 我需要的男人惠特尼.休斯顿
我之所以記得最初的那天，是因為當時我正急著在等一封重要的函件寄到。,"[32000, 24, 4996, 1127, 6365, 1718, 25374, 0, 1386, 716, 25301, 25523, 13535, 25299, 25435, 25293, 26508, 1011, 27507, 25612, 26829, 25314, 25292]",我之所以記得最初的那天是因為當時我正急著在等一封重要的函件寄到。
我今天打去問相X王，他說新機快門數在200左右是正常的，真的是這樣嘛?,"[32000, 24, 261, 25629, 25458, 25567, 25479, 26070, 25802, 0, 2959, 22313, 8248, 25573, 25299, 294, 1166, 25294, 7325, 0, 2576, 93, 27384, 25505]",我今天打去問相X王他說新機快門數在200左右是正常的真的是這樣嘛?
村上的運動規律和他的作家生涯同時展開，絕非巧合。,"[32000, 25289, 26169, 136, 274, 6018, 11818, 1947, 4222, 150, 1725, 0, 18275, 18943, 25292]",村上的運動規律和他的作家生涯同時展開絕非巧合。
"16 術 系, 即 獲 系 展 第 一 名 教 育 部 長 獎, 二 十 三 歲 應 國 立 歷 史 博 物 館 邀 請 參 加 當 代 名 家 畫 展, 二 十 九 歲 由 新 聞 局 及 歷 史 博 物 館 聯 合 推 薦 赴 美 講 學, 成 為 紐 約 聖 若 望 大 學 的 專 任 駐 校 藝 術 家 劉 墉 在 藝 術 方 面 的 最 大 成 就 就 是 獨 創 噴 染 皴 擦 法, 將 現 代 噴 墨 技 巧 與 傳 統 國 畫 皴 擦 法 結 合 他 的 沒 骨 花 鳥 尤 為 精 妙, 他 的 畫 被 黃 君 璧 張 隆 廷 鄧 昌 國 等 藝 術 家 評 為 有 過 於 惲 壽 平, 並 被 世 界 各 國 博 物 館 收 藏 曾 在 美 國 紐 約 製 作 中 國 繪 畫 技 法 專 輯, 一 九 九 四 年 應 廣 電 基 金 會 邀 請 主 持 中 國 文 明 的 精 神 專 輯 編 劇 工 作, 完 成 二 十 七 萬 字 腳 本 註 惲 壽 平 ( 西 元 一 六 三 三 ~ 一 六 九 ), 江 蘇 武 進 人 初 名 格, 字 壽 平, 號 南 田, 後 以 字 行 其 人 才 華 洋 溢, 八 歲 即 詠 蓮 花 成 句, 受 父 親 影 響, 終 身 未 參 加 科 考, 以 賣 畫 為 生, 畫 風 雅 澹 秀 逸, 開 一 代 風 氣 詩 文 溫 柔 敦 厚, 有 甌 香 館 集 傳 世 三 貢 獻 卓 著 1.","[32000, 4464, 15710, 9429, 25290, 6601, 16827, 9429, 6142, 139, 97, 2906, 2297, 9331, 8260, 1624, 25289, 26089, 25290, 1108, 3014, 744, 7639, 4246, 874, 5734, 14248, 5454, 9250, 7414, 25289, 25978, 25289, 26613, 893, 9231, 2079, 206, 4578, 2906, 2270, 9119, 6142, 25290, 1108, 3014, 3746, 7639, 1405, 405, 24126, 13029, 2085, 14248, 5454, 9250, 7414, 25289, 25978, 8115, 4211, 3666, 25289, 26184, 25289, 27540, 1382, 9949, 1182, 25290, 2414, 536, 25289, 26852, 6773, 5385, 771, 17588, 255, 1182, 141, 4572, 6540, 25289, 27263, 5698, 23536, 15710, 2270, 3569, 25289, 31554, 28, 23536, 15710, 4371, 5389, 141, 680, 255, 2414, 698, 698, 514, 14523, 13129, 25289, 26906, 25289, 26510, 25289, 0, 25289, 27004, 2278, 25290, 1623, 2403, 4578, 25289, 26906, 25289, 27046, 13886, 25289, 26347, 897, 4905, 11634, 874, 9119, 25289, 0, 25289, 27004, 2278, 10027, 4211, 258, 141, 3713, 25289, 26541, 3584, 25289, 26759, 24894, 536, 9700, 25289, 26799, 25290, 258, 141, 9119, 2543, 2293, 18026, 25289, 29578, 1806, 25289, 26744, 25289, 27537, 21318, 25289, 27211, 874, 1813, 23536, 15710, 2270, 12541, 536, 161, 3561, 2029, 25289, 0, 25289, 26752, 3295, 25290, 3137, 2543, 6223, 20785, 4259, 874, 9250, 7414, 25289, 25978, 8293, 22274, 3253, 28, 1382, 874, 25289, 26852, 6773, 18683, 3426, 438, 874, 25289, 26636, 9119, 13886, 2278, 4572, 25289, 26302, 25290, 97, 3746, 3746, 1727, 463, 4246, 8382, 2553, 8411, 1212, 1350, 25289, 26613, 893, 1392, 12438, 438, 874, 2263, 2465, 141, 9700, 2884, 4572, 25289, 26302, 12666, 25289, 26017, 3846, 3426, 25290, 13749, 2414, 1108, 3014, 3104, 2275, 9448, 23354, 207, 10655, 25289, 0, 25289, 26752, 3295, 13, 1733, 3691, 97, 3585, 744, 744, 4344, 97, 3585, 3746, 8704, 3724, 4589, 10149, 5014, 424, 5386, 2906, 6802, 25290, 9448, 25289, 26752, 3295, 25290, 5952, 1410, 14164, 25290, 2435, 382, 9448, 3200, 1038, 424, 8697, 2382, 25289, 26381, 25289, 27772, 25290, 4173, 7639, 6601, 25289, 28314, 25289, 26769, 3584, 2414, 25289, 26439, 25290, 5397, 25289, 26115, 7532, 11571, 25289, 25936, 25290, 25275, 7620, 4867, 9231, 2079, 3207, 7363, 25290, 382, 20127, 9119, 536, 1690, 25290, 9119, 5024, 7182, 25289, 30729, 16480, 25289, 27697, 25290, 2502, 97, 4578, 5024, 7061, 15754, 2263, 9912, 25289, 26639, 25289, 27185, 25289, 26697, 25290, 161, 25289, 31202, 5396, 25289, 25978, 10777, 4905, 6223, 744, 25289, 27221, 25289, 26703, 23506, 6939, 1338]","16 術 系, 即 獲 系 展 第 一 名 教 育 部 長 獎, 二 十 三 歲 應 國 立 歷 史 博 物 館 邀 請 參 加 當 代 名 家 畫 展, 二 十 九 歲 由 新 聞 局 及 歷 史 博 物 館 聯 合 推 薦 赴 美 講 學, 成 為 紐 約 聖 若 望 大 學 的 專 任 駐 校 藝 術 家 劉 墉 在 藝 術 方 面 的 最 大 成 就 就 是 獨 創 噴 染  擦 法, 將 現 代 噴 墨 技 巧 與 傳 統 國 畫  擦 法 結 合 他 的 沒 骨 花 鳥 尤 為 精 妙, 他 的 畫 被 黃 君 璧 張 隆 廷 鄧 昌 國 等 藝 術 家 評 為 有 過 於  壽 平, 並 被 世 界 各 國 博 物 館 收 藏 曾 在 美 國 紐 約 製 作 中 國 繪 畫 技 法 專 輯, 一 九 九 四 年 應 廣 電 基 金 會 邀 請 主 持 中 國 文 明 的 精 神 專 輯 編 劇 工 作, 完 成 二 十 七 萬 字 腳 本 註  壽 平 ( 西 元 一 六 三 三 ~ 一 六 九 ), 江 蘇 武 進 人 初 名 格, 字 壽 平, 號 南 田, 後 以 字 行 其 人 才 華 洋 溢, 八 歲 即 詠 蓮 花 成 句, 受 父 親 影 響, 終 身 未 參 加 科 考, 以 賣 畫 為 生, 畫 風 雅 澹 秀 逸, 開 一 代 風 氣 詩 文 溫 柔 敦 厚, 有 甌 香 館 集 傳 世 三 貢 獻 卓 著 1."
"關鍵詞:優先上崗、就業、入托、入學,免公園門票、掛號費、體檢費、公交車和地鐵費,享受社保補貼","[32000, 25289, 12081, 25327, 3054, 25310, 27449, 25295, 2580, 25295, 25467, 26757, 25295, 6679, 25290, 25740, 699, 6313, 25295, 19056, 25605, 25295, 12395, 25605, 25295, 10787, 25332, 3141, 25605, 25290, 683, 25667, 25541, 8233]","關鍵詞:優先上崗、就業、入托、入學,免公園門票、掛號費、體檢費、公交車和地鐵費,享受社保補貼"
: CBS手上的禁區的硬度跟我們比 痾....,"[32000, 343, 67, 5195, 16541, 26466, 3646, 14910, 11721, 25526, 25289, 31641, 33]",: CBS手上的禁區的硬度跟我們比 痾....
主持本場記者會的文化大學性別研究社長郭稟翰表示，下一代幸福聯盟主張婚姻家庭制度的重大改變，應進行公投，但他們認為，婚姻平權的權益，是透過政府與國家憲法所保障的平等權，這樣的權益，不應是全民臺南市歸仁區汽車貸款 來做公投決定，這樣的個人權益，應由自己來做決定。,"[32000, 1392, 25679, 25350, 25437, 821, 2660, 160, 70, 3503, 83, 9704, 27172, 29574, 27692, 144, 0, 12064, 703, 1604, 4754, 1964, 369, 23211, 2138, 540, 0, 25498, 76, 8723, 0, 14806, 247, 0, 1964, 25554, 8105, 3159, 0, 24854, 178, 25346, 146, 6825, 25391, 1432, 25291, 4884, 25903, 0, 647, 3159, 0, 9291, 25294, 6248, 16164, 6557, 2227, 25553, 8723, 419, 0, 647, 102, 3159, 0, 25498, 25543, 8, 8309, 419, 25292]",主持本場記者會的文化大學性別研究社長郭稟翰表示下一代幸福聯盟主張婚姻家庭制度的重大改變應進行公投但他們認為婚姻平權的權益是透過政府與國家憲法所保障的平等權這樣的權益不應是全民臺南市歸仁區汽車貸款 來做公投決定這樣的個人權益應由自己來做決定。
但是還是有不少消費者更偏向於入手合資SUV，這部分人其實也不是不認可國產SUV的高性價比；隻為了圖個心安踏實。,"[32000, 896, 91, 8565, 1110, 25457, 15325, 25375, 8748, 15800, 13786, 0, 21900, 25296, 186, 3821, 25297, 4852, 9484, 13786, 1032, 13337, 0, 26431, 193, 25486, 25316, 25369, 25492, 19632, 25292]",但是還是有不少消費者更偏向於入手合資SUV這部分人其實也不是不認可國產SUV的高性價比隻為了圖個心安踏實。
地址：北京重力盛供水设备有限公司 广东 深圳市 深圳市福田區泥崗,"[32000, 1187, 0, 425, 25477, 25412, 26482, 20276, 22388, 270, 3861, 5247, 5247, 22997, 25406, 27091, 27449]",地址北京重力盛供水设备有限公司 广东 深圳市 深圳市福田區泥崗
林恩認為，營養狀臺南市南區小額借貸 況的好壞，對智商的高低有明顯的作用。,"[32000, 2030, 26396, 247, 0, 1309, 26028, 7897, 4501, 14955, 915, 26515, 0, 25358, 21544, 1032, 25900, 25298, 1142, 5523, 25292]",林恩認為營養狀臺南市南區小額借貸 況的好壞對智商的高低有明顯的作用。
"永安旅遊提供Chaoyang到林茨機票查詢及預定, Chaoyang到林茨特價機票,優惠平價機票,機票價格查詢,飛機航班查詢,選擇自由,價格透明,網上訂機票首選永安旅遊","[32000, 1517, 2093, 22465, 25314, 25809, 28327, 1500, 25290, 1904, 22465, 25314, 25809, 28327, 1069, 25290, 1477, 25290, 1480, 25290, 1483, 25290, 1473, 25290, 1472, 25290, 1484]","永安旅遊提供Chaoyang到林茨機票查詢及預定, Chaoyang到林茨特價機票,優惠平價機票,機票價格查詢,飛機航班查詢,選擇自由,價格透明,網上訂機票首選永安旅遊"
自行政長官崔世安在首份施政報告，首次把發展澳台關係列入特區政府日常施政範疇之後，官方民間均進一步建立機制，開展台澳各方面的溝通，增進相互間的瞭解與合作，造福兩地民眾的福祉。,"[32000, 933, 866, 13449, 27818, 25579, 25492, 25299, 25691, 25939, 17367, 790, 0, 2550, 25674, 62, 26527, 25408, 281, 8165, 8380, 178, 1411, 17367, 10939, 184, 0, 1445, 2221, 26318, 992, 498, 1916, 0, 1685, 25408, 26527, 25594, 3274, 1201, 0, 6488, 3039, 1978, 1903, 25346, 245, 0, 23311, 14634, 792, 25291, 21856, 25292]",自行政長官崔世安在首份施政報告首次把發展澳台關係列入特區政府日常施政範疇之後官方民間均進一步建立機制開展台澳各方面的溝通增進相互間的瞭解與合作造福兩地民眾的福祉。
上一篇：2018年元旦即將到來，福州包裝AG8亚游集团預您新年快樂,"[32000, 1439, 0, 902, 25328, 23356, 1568, 5249, 0, 19272, 1393, 3409, 25461, 7196, 25792, 25635, 7078, 1039]",上一篇2018年元旦即將到來福州包裝AG8亚游集团預您新年快樂
「但文乃都在自己房間，我不知道她願不願意見老師……」,"[32000, 111, 25446, 25397, 26930, 1307, 8, 585, 0, 13725, 25484, 26277, 7371, 865, 234, 0, 25366]",「但文乃都在自己房間我不知道她願不願意見老師」
十三到十八歲是自我探索的重要階段，也是生涯發展的關鍵時刻。,"[32000, 25289, 2665, 25314, 18497, 25294, 1200, 1924, 1526, 1101, 0, 109, 4222, 2333, 615, 1998, 25292]",十三到十八歲是自我探索的重要階段也是生涯發展的關鍵時刻。
"小弟非有意掀起爭論，也僅針對如上照片中""騷擾他人的文盲""。","[32000, 16170, 25689, 7813, 9294, 19196, 0, 25340, 26103, 659, 25399, 25310, 348, 25306, 26148, 11174, 12004, 25397, 27911, 18490]","小弟非有意掀起爭論也僅針對如上照片中""騷擾他人的文盲""。"
1953年美國「美國國家電視標準委員會（NTSC）」在審查數種彩色技術後，向政府建議沿用RCA公司的彩色技術規格，這就是現在通稱的美規NTSC系統。,"[32000, 1777, 9467, 25328, 53, 25347, 53, 146, 466, 569, 1367, 0, 25701, 5309, 25476, 0, 25366, 25299, 3553, 25573, 25496, 5613, 82, 25368, 0, 25694, 178, 350, 27064, 25326, 25670, 14163, 1584, 5613, 82, 3125, 0, 3695, 79, 25537, 25950, 1284, 25795, 25701, 5309, 25476, 94, 25292]",1953年美國「美國國家電視標準委員會NTSC」在審查數種彩色技術後向政府建議沿用RCA公司的彩色技術規格這就是現在通稱的美規NTSC系統。
東京大學法學系畢業，曾擔任駿台預備學校講師，現為日本教育論壇講師。,"[32000, 5121, 70, 25403, 3571, 883, 0, 26038, 1198, 28493, 25408, 7184, 336, 5093, 0, 15767, 11, 127, 776, 5093, 25292]",東京大學法學系畢業曾擔任駿台預備學校講師現為日本教育論壇講師。
《治癒者》裏印象最深的，就像田徑選手似的從地上跑到屋頂，穿過巷弄、躍下樓底。,"[32000, 445, 13735, 25423, 25601, 26333, 1592, 25377, 8289, 0, 1402, 26296, 27083, 3926, 6203, 25512, 4840, 8988, 7446, 0, 9762, 12045, 25295, 27157, 25341, 26052, 25999, 25292]",《治癒者》裏印象最深的就像田徑選手似的從地上跑到屋頂穿過巷弄、躍下樓底。
為了瞭解自己之精神衛生上的狀態，只要不斷重複「無悔的戀愛」即可。,"[32000, 1465, 1903, 8, 25351, 484, 1005, 136, 937, 0, 279, 413, 4167, 25347, 25438, 27572, 25291, 2893, 25366, 782, 25292]",為了瞭解自己之精神衛生上的狀態只要不斷重複「無悔的戀愛」即可。
經常檢查網箱，發現破損及時修補，以免逃魚或兇猛魚類入箱。,"[32000, 23130, 976, 25396, 26397, 0, 115, 23192, 2857, 15744, 0, 4598, 26938, 26241, 25472, 27857, 27123, 20706, 25467, 26397, 25292]",經常檢查網箱發現破損及時修補以免逃魚或兇猛魚類入箱。
ONE PIECE 海賊王 尼龍托特包_草帽海賊團(黑),"[32000, 753, 13631, 125, 25556, 3681, 25575, 2420, 7700, 12479, 26031, 26757, 25481, 25626, 25571, 26116, 27288, 25576, 27674, 25717, 25334, 25883, 25336]",ONE PIECE 海賊王 尼龍托特包_草帽海賊團(黑)
對此，馮賢賢反批，立委扣人帽子要有事證，不能光用網站黑函貼標籤，她一向秉持公視獨立超然公正精神，過去民進黨執政時，她監製拍攝紀錄片，揭發政府置入性行銷及教育單位能力分班等惡行，總統大選期間舉辦審議式辯論，參與公民同樣對謝長廷犀利提問，當時她還被綠媒點名臭罵，「請問我是誰的打手」？,"[32000, 11315, 0, 28065, 27036, 27036, 25841, 26462, 0, 6736, 26832, 25296, 8500, 4451, 25407, 25752, 0, 226, 25583, 25326, 58, 25883, 27507, 26225, 972, 0, 25484, 6707, 6356, 25372, 25480, 919, 25693, 25429, 10779, 484, 0, 393, 5870, 7812, 25317, 0, 25484, 26275, 25893, 1013, 6451, 0, 27190, 25355, 178, 25821, 25467, 25421, 1523, 25386, 127, 626, 251, 25382, 25880, 25435, 26356, 25357, 0, 958, 9193, 682, 754, 10835, 25494, 11032, 0, 524, 3898, 1301, 25358, 26129, 25440, 27537, 11429, 9866, 0, 716, 25484, 17493, 26288, 26415, 24946, 27367, 27478, 0, 25347, 4348, 1616, 26440, 25291, 25629, 25420, 25366, 0]",對此馮賢賢反批立委扣人帽子要有事證不能光用網站黑函貼標籤她一向秉持公視獨立超然公正精神過去民進黨執政時她監製拍攝紀錄片揭發政府置入性行銷及教育單位能力分班等惡行總統大選期間舉辦審議式辯論參與公民同樣對謝長廷犀利提問當時她還被綠媒點名臭罵「請問我是誰的打手」
35.漸漸地，你也終于成為了我心中的一個情結。,"[32000, 168, 8163, 22841, 0, 10080, 11768, 114, 3029, 6770, 7, 25419, 25611, 0, 25292]",35.漸漸地你也終于成為了我心中的一個情結。
《石油世紀》一書的作者、普立茲獎得主尤金則表示，在埃克森美孚的全球營運版圖中，俄國所占比例相對較小，且雙方僅有「商業關係」，若提勒森出任美國務卿，他會追求美國家利益，「這是個最高級的鷹級童子軍型男子」、「循規蹈矩」、且是個「使命必達」的人。,"[32000, 445, 4376, 944, 25601, 25293, 7090, 364, 25295, 26125, 25603, 27201, 17486, 26580, 25507, 21731, 0, 25299, 27382, 25871, 26534, 25363, 29201, 25291, 223, 2118, 17790, 25306, 0, 13228, 25391, 26956, 2205, 1607, 12813, 0, 25747, 1767, 9430, 25347, 611, 281, 25366, 0, 25963, 25456, 26857, 26534, 16575, 53, 25491, 28179, 0, 7522, 1615, 53, 25345, 2303, 0, 25347, 476, 25316, 1021, 2742, 27768, 25714, 26236, 25356, 26066, 25688, 1539, 1155, 27045, 25795, 27836, 28119, 877, 25747, 1107, 25347, 3904, 25801, 25695, 25366, 35, 25292]",《石油世紀》一書的作者、普立茲獎得主尤金則表示在埃克森美孚的全球營運版圖中俄國所占比例相對較小且雙方僅有「商業關係」若提勒森出任美國務卿他會追求美國家利益「這是個最高級的鷹級童子軍型男子」、「循規蹈矩」、且是個「使命必達」的人。
第二百零一章：人類王子，太神秘(二十七),"[32000, 7058, 10282, 25789, 0, 743, 4039, 0, 25672, 3873, 25334, 646, 26013, 25336]",第二百零一章人類王子太神秘(二十七)
這張出生證明有望使聯邦政府在護照及其他官方文件認可陰陽人上，向前邁進一步。,"[32000, 25, 25757, 2504, 1401, 11332, 25509, 6208, 178, 25299, 8194, 5649, 1445, 1308, 4852, 8780, 25296, 25310, 0, 6264, 27215, 992, 25292]",這張出生證明有望使聯邦政府在護照及其他官方文件認可陰陽人上向前邁進一步。
Google 網路服務非常多，網域名稱其實也不少喔！,"[32000, 7019, 4014, 26, 15944, 0, 18003, 1471, 186, 331, 25562, 26544, 0]",Google 網路服務非常多網域名稱其實也不少喔
信陽紅紅茶文化推廣模式讓信陽茶在競爭下更紅 - 信陽茶葉網,"[32000, 8239, 26020, 25863, 10856, 160, 1518, 591, 25454, 25558, 26020, 26205, 25299, 1063, 25341, 25457, 25863, 36, 8239, 26020, 7526, 25396]",信陽紅紅茶文化推廣模式讓信陽茶在競爭下更紅 - 信陽茶葉網
利用雲端筆記本共作，配合教育百科查詢「綠建築」並澄清概念，最後拍攝校園綠建築，用「Com-phone」App剪輯成影片成果。,"[32000, 8255, 2380, 9038, 25822, 25352, 0, 1088, 127, 5345, 187, 25347, 26288, 525, 25366, 25538, 11703, 1118, 0, 236, 1013, 1304, 26288, 525, 0, 25326, 25347, 10273, 25359, 25452, 1692, 25366, 2575, 15586, 25344, 666, 1675, 25292]",利用雲端筆記本共作配合教育百科查詢「綠建築」並澄清概念最後拍攝校園綠建築用「Com-phone」App剪輯成影片成果。
建築規劃設計、設計理論、設計方法、藝術創作、表現法,"[32000, 19071, 664, 40, 25295, 40, 1128, 25295, 40, 315, 25295, 190, 850, 25295, 487, 25403]",建築規劃設計、設計理論、設計方法、藝術創作、表現法
嬴政前來看望養傷的敏夫人，敏夫人假意為公孫麗求情，嬴政則說她過於善良，自己也沒想到公孫麗會做出這樣的事。,"[32000, 25289, 29984, 25620, 25398, 1443, 25770, 25899, 26191, 25291, 26637, 3638, 0, 26637, 3638, 26033, 25482, 25312, 25372, 26899, 26036, 25686, 25419, 0, 29984, 25620, 25760, 13784, 4467, 6934, 0, 14921, 1889, 25372, 26899, 26036, 25311, 2026, 93, 253, 25292]",嬴政前來看望養傷的敏夫人敏夫人假意為公孫麗求情嬴政則說她過於善良自己也沒想到公孫麗會做出這樣的事。
